[{"state":"DC","utility":"PEPCODC","commodity":"E","zone":"","util_name":"Potomac Electric Power (PEPCODC)"},{"state":"IL","utility":"COMED","commodity":"E","zone":"","util_name":"Commonwealth Edison"},{"state":"MD","utility":"BGE","commodity":"E","zone":"","util_name":"Baltimore Gas & Electric"},{"state":"MD","utility":"BGE","commodity":"G","zone":"","util_name":"Baltimore Gas & Electric"},{"state":"MD","utility":"DELMARVA","commodity":"E","zone":"","util_name":"Delmarva Power"},{"state":"MD","utility":"PEPCO","commodity":"E","zone":"","util_name":"Potomac Electric Power (PEPCO)"},{"state":"MD","utility":"PTED","commodity":"E","zone":"","util_name":"Potomac Edison"},{"state":"NJ","utility":"ACE","commodity":"E","zone":"","util_name":"Atlantic City Electric"},{"state":"NJ","utility":"JCPL","commodity":"E","zone":"","util_name":"Jersey Central Power & Light (JCPL)"},{"state":"NJ","utility":"NJNG","commodity":"G","zone":"","util_name":"New Jersey Natural Gas"},{"state":"NJ","utility":"PSEG","commodity":"E","zone":"","util_name":"PSEG"},{"state":"NJ","utility":"PSEG","commodity":"G","zone":"","util_name":"PSEG"},{"state":"NJ","utility":"SJG","commodity":"G","zone":"","util_name":"South Jersey Gas (SJG)"},{"state":"NY","utility":"CHUD","commodity":"E","zone":"","util_name":"Central Hudson"},{"state":"NY","utility":"CHUD","commodity":"G","zone":"","util_name":"Central Hudson"},{"state":"NY","utility":"CONED","commodity":"E","zone":"","util_name":"Con Edison (Con Ed)"},{"state":"NY","utility":"CONED","commodity":"G","zone":"","util_name":"Con Edison (Con Ed)"},{"state":"NY","utility":"NGD","commodity":"G","zone":"","util_name":"National Grid Downstate"},{"state":"NY","utility":"NGU","commodity":"E","zone":"","util_name":"National Grid Upstate"},{"state":"NY","utility":"NGU","commodity":"G","zone":"","util_name":"National Grid Upstate"},{"state":"NY","utility":"NYSEG","commodity":"E","zone":"","util_name":"NYSEG"},{"state":"NY","utility":"NYSEG","commodity":"G","zone":"","util_name":"NYSEG"},{"state":"NY","utility":"ORU","commodity":"E","zone":"G","util_name":"Rockland Electric"},{"state":"NY","utility":"ORU","commodity":"G","zone":"N/A","util_name":"Rockland Electric"},{"state":"NY","utility":"PENELEC","commodity":"E","zone":"","util_name":"Pennsylvania Electric"},{"state":"NY","utility":"RGE","commodity":"E","zone":"","util_name":"Rochester Gas & Electric (RG&E)"},{"state":"NY","utility":"RGE","commodity":"G","zone":"","util_name":"Rochester Gas & Electric (RG&E)"},{"state":"OH","utility":"DUKE","commodity":"E","zone":"","util_name":""},{"state":"OH","utility":"DUKE","commodity":"G","zone":"","util_name":""},{"state":"PA","utility":"DUQUESNE","commodity":"E","zone":"","util_name":"Duquesne Lighting"},{"state":"PA","utility":"METED","commodity":"E","zone":"","util_name":"Metropolitan Edison"},{"state":"PA","utility":"PECO","commodity":"E","zone":"","util_name":"Philadelphia Electric Company (PECO)"},{"state":"PA","utility":"PECO","commodity":"G","zone":"","util_name":"Philadelphia Electric Company (PECO)"},{"state":"PA","utility":"PENELEC","commodity":"E","zone":"","util_name":"Pennsylvania Electric"},{"state":"PA","utility":"PENNPOWER","commodity":"E","zone":"","util_name":"Penn Power"},{"state":"PA","utility":"PPL","commodity":"E","zone":"","util_name":"Pennsylvania Power and Light (PPL)"},{"state":"PA","utility":"UGI","commodity":"G","zone":"","util_name":"UGI"},{"state":"PA","utility":"WPEN","commodity":"E","zone":"","util_name":"West Penn Power"},{"state":"NY","utility":"NFG","commodity":"G","zone":"NY","util_name":"National Fuel Gas"},{"state":"PA","utility":"NFG","commodity":"G","zone":"PA","util_name":"National Fuel Gas"},{"state":"NJ","utility":"ORU","commodity":"E","zone":"RE","util_name":"Rockland Electric"},{"state":"PA","utility":"PENELEC","commodity":"E","zone":"PA","util_name":"Pennsylvania Electric"},{"state":"NJ","utility":"ETG","commodity":"G","zone":"","util_name":"Elizabethtown Gas"},{"state":"IL","utility":"AMEREN","commodity":"E","zone":"","util_name":"AMEREN"},{"state":"IL","utility":"AMEREN","commodity":"G","zone":"","util_name":"AMEREN"},{"state":"IL","utility":"NICOR","commodity":"G","zone":"","util_name":"NICOR"},{"state":"OH","utility":"CEIL","commodity":"E","zone":"","util_name":"Cleveland Electric Illuminating Company"},{"state":"OH","utility":"OHED","commodity":"E","zone":"","util_name":"Ohio Edison"},{"state":"OH","utility":"TOLED","commodity":"E","zone":"","util_name":"Toledo Edison"},{"state":"MA","utility":"NSTAR","commodity":"E","zone":"","util_name":"NSTAR"},{"state":"MA","utility":"FGE","commodity":"E","zone":"","util_name":"Fitchburg Gas And Electric"},{"state":"MA","utility":"MASSEL","commodity":"E","zone":"","util_name":"National Grid MECO"},{"state":"MA","utility":"NANTUCKET","commodity":"E","zone":"","util_name":"National Grid Nantucket"},{"state":"MA","utility":"WMECO","commodity":"E","zone":"","util_name":"Western Mass Electric Company"},{"state":"DE","utility":"DELMARVADE","commodity":"E","zone":"","util_name":"Delmarva"},{"state":"OH","utility":"COH","commodity":"G","zone":"","util_name":"Columbia Gas of OH"},{"state":"PA","utility":"CPA","commodity":"G","zone":"","util_name":"Columbia Gas of PA"},{"state":"OH","utility":"CLI","commodity":"E","zone":"","util_name":"Cleveland Electric Illuminating Co."},{"state":"OH","utility":"OHIOED","commodity":"E","zone":"","util_name":"Ohio Edison"},{"state":"OH","utility":"TOLEDOED","commodity":"E","zone":"","util_name":"Toledo Edision"},{"state":"MD","utility":"WGMD","commodity":"G","zone":"","util_name":"Washington Gas"},{"state":"OH","utility":"CSPC-AEP","commodity":"E","zone":"","util_name":"Columbus Southern Power-AEP"},{"state":"OH","utility":"OPC-AEP","commodity":"E","zone":"","util_name":"Ohio Power Company-AEP"},{"state":"DC","utility":"WGDC","commodity":"G","zone":"","util_name":"Washington Gas"},{"state":"OH","utility":"VEDO","commodity":"G","zone":"","util_name":"Vectren"},{"state":"PA","utility":"PGW","commodity":"G","zone":"","util_name":"Philadelphia Gas Works"},{"state":"CT","utility":"CLP","commodity":"E","zone":"","util_name":"Connecticut Light and Power"},{"state":"CT","utility":"UI","commodity":"E","zone":"","util_name":"United Illuminating"},{"state":"OH","utility":"DEOHG","commodity":"G","zone":"","util_name":"DEO - Dominion East Ohio"},{"state":"OH","utility":"DPL","commodity":"E","zone":"","util_name":"Dayton Power & Light Commodity"},{"state":"MI_DTE","utility":"DTEGAS","commodity":"G","zone":"","util_name":"DTE Energy"},{"state":"MI_Consumer","utility":"CONSGAS","commodity":"G","zone":"","util_name":"Consumers Energy Gas"},{"state":"IL","utility":"NSHORE","commodity":"G","zone":"","util_name":"North Shore Gas"},{"state":"IL","utility":"PEOPGAS","commodity":"G","zone":"","util_name":"Peoples Gas"},{"state":"IN","utility":"NIPSCOG","commodity":"G","zone":"","util_name":"NIPSCO"},{"state":"MI_MICHGAS","utility":"MICHGAS","commodity":"G","zone":"","util_name":"MICHGAS"},{"state":"MI_SEMCOG","utility":"SEMCOG","commodity":"G","zone":"","util_name":"SEMCOG"}]
